video_id,duration
XZDA0gGOnqg,21.22
NK9F1zwBNug,39.31
Vrg4KlKnKoY,22.26
1MenwQ5D_FI,12.52
Ei7ZtO5qYgo,25.12
DYrrWSd9bFk,43.09
_pGfUwgbHKk,17.43
tLzp_xUr-gQ,17.22
vmDz1nuFSVE,20.37
IVsMSPNVHR0,17.1
zBaDMJknffU,3.37
5YZz3bgM120,15.05
qxmW-o-a7xc,16.46
cUgrN9ZEffc,16.28
9DkBYixYBFs,18.51
pdD2vMgAdh4,10.04
DbolchbGedk,11.1
yq3F7BKl0Fg,13.15
mWQ_x2ltWD8,13.45
RlnVYNu5qLI,5.3
KSA9Ltcp3R8,2.26
PkhVybrCMks,18.33
s5EigVsM_OI,22
eUuSpqbHmPc,10.03
dTpFnkuYPYE,19.42
kooDW45JJc0,5.58
K3g2840zXKY,47.46
bAl-xp6fYDo,47.46
8A9Sdvppurs,nan
x94NyYrmrNc,32.55
plHrjHfTOvc,34.43
iRxJg2y2UqQ,21.11
jJkNHCTGN1w,27.53
atb3b_Dy3vI,24.48
4tbDcf-n1Xs,37.24
pAAwTIrhKKw,7.45
HEDHFlYOgP8,13.32
HULETp40pVk,12.5
y7R3NghyxNw,15.29
PNYdQrFResI,nan
7DuQtVVxuIo,16.47
cJblpoh9Lok,25.33
glEEXAX2Xcg,5.43
dW-7NANA6TA,13.52
By2hmo323xM,8.23
EuzGEj5m-QA,25.29
88cJVoESSps,39.32
l5eEcKa7g2U,45.53
FGWn8P7c7yE,1.18
IlElgfH0Rb0,17.38
TxKSmvXs2ug,38.33
nrfnA5_L8sE,5.09
H3CGsnTom_A,25.16
FNfI0kK2fyM,38.25
sJ9_oTq2B2E,11.22
9E4HMgh7ZsE,1.35
chKGlrFz73g,2.3
vMgiLyh-IKU,12.31
7YAuI3sX1KU,nan
NgQHBEkLYQY,35.39
QcQa54miYvY,2.02
vgReeDuWa1c,30.15
T-L2TC1sQD4,9.18
WeMwiLFv7d0,9.31
sA8SnfEaDEU,8.44
CDzqSBaJIao,24.2
5nCiUqnIkLU,13.42
_9YV6S7nGPo,4.58
SH1Yd8ky8b4,4.58
yN183Trh2NY,10.51
NYt3B9lcUm0,7.24
5NEJB1vNhdM,11
b3AOD118yQQ,1.24
-C1JDK80LUM,nan
Sgr90HS_g7A,18.5
TczM8rdqcDY,nan
XFeWWVdYhmc,2.51
YX6MVRvpBNU,6.19
wR9MGfgIEQ8,30.38
rCujjX3UrP0,0.49
9DzquHrUccM,12.15
TIgnsLEa0MQ,30.35
iqsOeGUNGT4,2.52
rVRLFpMBh_8,nan
l4s6S19RDxQ,32.56
IqyQtrgOSX8,nan
dbePzch5OZE,1.09
2O5g93Fc_uw,13.08
wV7Uv-ftCLQ,2.48
vLrmODCaahc,14.59
4XjImhaWzsw,0.45
YRpoiPFjTU0,10.15
DueREO5J7Ms,1.11
qK1RWZuaHfQ,2.29
4owheL_ZyCw,3.48
sdH1JM_uawg,3.36
Hsy77YtCPKc,15.28
GDjSO2oZXq0,59.1
ePiNaN0iYhs,23.06
rKpcWD_jh1I,2.39
GWOX4X8MIKE,4.1
JKUB78YonRc,nan
MMyZjcvJqGY,20.35
O65MWV2uE-U,0.27
9HSo9PBXpDc,4.02
whF8mFqZcCg,nan
T1G3J7sypbc,12.26
hnWCkvjw36M,9.43
vIRVYy_P7Ak,2.28
50jgV_bzV5U,18.29
YcHE1wY2dVE,12.54
vRijBEm_BuY,0.21
yFozDe63qIA,33.52
dbrzMY8ABVc,6.47
0_GBfjwmRcI,18.55
nKM6toYxvOQ,23.39
Vx6T8BMyqUY,11.44
W5ksZzTLR9o,16.58
GuIvN3cv3PA,10.25
fNFzfwLM72c,4.1
w4oDMaER2zA,22.41
hPu7aLcZVTY,6.24
yJ0GdmWF3cY,13.04
cZgDfg6vwgI,15.12
jlOrXFC95mA,16.38
GCNbhH6jq_8,6.05
vgQNOIhRsV4,1.31
HuN1F0q6Y7o,19.43
NFq6MgzobDg,2.01
UY0WFV8aE_Y,21.49
2m2VZ_I_-Wc,1.06
D0Ajq682yrA,21.49
W7-PwhWz8P8,1.34
uFgBqV95N00,11.12
RqqqiGSr1I4,21.06
PBZRy3ZxMRk,24
7mMYIgBL0Fg,4.31
28HABZJ358g,5.52
zAUS5XCTjow,17.27
lBfR7T0B01A,5.08
a72PNZ8frfg,4.21
bhK3W_3CW7w,22.28
lbUJJtPeOeg,27
jd9-yoH9ZbA,12.42
zOsA3mc1xGw,1.57
fviTnr8n43k,14.18
rn_dWVwXetg,36.51
3_NR_h8w1gY,16.2
0Zi8KbgVhFc,22.29
ZWKyV-iHQhU,8.33
lP3OJfYuHCk,17.41
E4bgEs0zYyQ,16.32
PzQORLyBCI4,nan
Q1hlgLqK-yA,25.16
4liKhzfrsP4,1.19
r1sfb0gKdBM,12.36
oHOudL5d14M,1.04
E3b62-R7GzI,21.48
iFPWdc3PMBk,1.31
fZDkAipc40A,3.31
FAscL5xuO68,11.28
JBaK7BjrrBA,10.36
jq-ccYcyWqI,0.54
aeUFmFnKsQQ,14.58
qAhKgMcMhIA,32.45
CC3HI6FgnX0,9.2
qbNSWiBnu2s,11.34
0sckFvub-K4,1.11
mSpXxxld4o8,10.36
lINZ0Y9nIeA,10.09
_MVzXKfr6e8,3.02
73IVLtTK13s,19.22
jFXScHIkpkA,5.18
Qh7DhW5KxXg,13.23
fyKpMSTv7z0,13.24
PE-yR_craa0,6.41
LA7T0GSjzg0,3.34
LjzMq3l8sVw,8
DnBnTGjTmsw,5.12
QF-2MKSrrZg,15.56
8cR_1Qi-tP4,59.22
ta2KBoy_G5c,10.33
_D9FgRBhmWM,0.32
atWzWqGN9Vg,16.32
dBsFdEs9LnU,20.22
Zg3j6anDU6U,20.25
8Rjiqa7Ws0k,5.29
D-6cXKQgp1E,10.15
cVQt3fiiOXg,7.51
3OMhdAEs1Wo,15.37
erhkZBAqHkY,1.14
PYB80LH7fy4,1.37
6ADah-h285k,0.24
QOYMk9tb_iE,17.14
wppv4riURm4,12.19
WcATgOupD7I,2.19
FlZNwt3m2Es,18.2
pVqWRyRuoQ4,nan
NU04kMTvYtc,6.1
d__X3nROGo8,11.24
Fqk2xTWZ4vM,11.24
KslfbjMzjGM,10.26
yWDYj_46NRY,3.42
-HK_X7PzslA,10.04
MIaL1jHaZyk,10
lc4d42crnMI,17.39
avbzTvIgOEs,2.54
xhhENspVY3Q,14.27
ax1csuZ6xTo,0.33
dWq6ERi3QUg,nan
uKsFs8ryBJw,1.44
x-_QCglic14,0.16
DPdNFzw7gec,2.49
BYXv9XJc5z4,18.19
5_hHipj3Nzw,2.03
WHXkETmG4Lg,6.44
tj8mQtcqwyM,10.08
R-QPs5abSsQ,15.39
lfSgHueWGyk,5.47
CYzY4s_Y0r4,nan
unocKIwBS6M,6.19
JvvZ0G6n-g0,9.39
vUyXa1SOeXQ,10.22
XXJpeMWtDT0,13.31
fUxrMeuscIk,14.27
f2hQn7Hd7fw,0.5
km8bc_oBRgk,7.52
HzW_kD8gE0g,3.18
RCeGBzux2VU,0.46
VYMdlCEDYvo,34.44
jqfxOgpGh3M,4.51
kOLHin-LsZc,26.03
MHbL8YvDWEk,25.4
aRS5_a21PDg,4.05
qvGWM6rv27U,34.43
68m9_iWwHZc,11.35
EbGCauq8Lrs,37.44
Cy_ZTQqNG1Q,12.06
BRCs7yX372Y,10.45
77kJEVrQPsM,11.13
AbCMLL_ob78,16.05
fs38PSnMyHI,3.59
ZLrtNIYcmiE,2.07
7rQpIcjs86U,10.11
cX-4DicL_QU,1.22
9e1iDo6nYNs,12.37
9cqb5rbKbVo,14.37
4BIDXxmZ-P0,3.46
_JVQOiw_OUU,3.17
MmQLEhcmIIY,2.06
aG6l00AuXrA,21.15
DYFPrmRgBO0,7
y0r5t3hfoZY,11.01
szPez5q2mY0,34.35
hKXVIE3t7_s,2.27
lCxWp3u27g4,5.35
R0clWQjPVSI,5.17
YmicVgAQAP4,10.57
uJucvI1sBho,3
M8Wm2GnzHK0,10.48
cZvxZ3kCS5Q,11.56
ShqXL-zfLxY,1.25
e8Ir3cmq7UE,11.28
mKHmT4chv9A,11.59
htUb_YIRUUI,11.19
lkC40hWjuqk,1.34
Wh3ZDBg5SmA,11.55
bIGjW5hw18w,0.53
-t5YFl-3HDw,1
TpmK7YyjZh0,24.39
evpuRHtTUi0,2.06
dgGlyjBNvOQ,13.31
ejs-rQjP_s4,2.06
D_uMIiXQ654,4.17
f2HTg3Ht8_E,6.18
WD6JK6oEOIE,40.15
XeSDMlvOgNo,13.22
_rjjCkcXknE,15.38
k-2642UDvKw,8.46
F0AG5WukwFI,8.44
fK3_uf8FLHc,3.51
gc3l3zRW4qc,27.44
PA_s7aU5CR4,11.34
qzxGZiAdI3Y,6.03
yQ8o5BkxRIY,1.33
wBoR6T6HaYQ,7.18
8i6WOn45OTo,11.42
yg04GyhS3ss,27.49
i6BztiTtjZM,16.06
2iDqXDq51gI,10.19
KYNZzFjmHLs,19.56
CBMnyZihjQ0,0.19
JWYV3QvNNMs,28.47
xx9ifL3IgsY,2.06
mGOuic4qnCs,13.57
7SzXNieVbgU,13.57
s5GfhGFVCFE,11.29
Dp9wJNPJzv0,24.16
z371zrxhCaI,13.35
svG0RmIGBPU,19.07
kpwMbvMBvXA,9.43
u-PclYgrW2w,21.19
C1xnmWvo1pM,18.45
cjC0yvP2--g,2.47
srPktd4k_O8,3.12
WDb5hiHmo7Q,15.53
sdwLOvC-_es,21.18
AaxrqDuw1Xk,2.02
Nj7mZU31KHw,6.48
KYp11MtkFk0,2.14
2ZK4piveRgY,2.46
AwqWjmvWrX0,26.23
VIU6Grf4rMY,15.09
3aC8cRbXsNw,0.47
eHbByA0fQnQ,3.06
uuxE1OrZqCs,25.57
AMv6WmLHpDA,28.58
bC9BDlTS-8I,2.36
yQJjMAsQ_5U,34.43
lD9tjBUiXs0,3.01
_pHSV5hDcp8,11.1
3O26kPrVomA,25.05
Jma-4PdT8dU,6.14
cw1daSLJ-rc,3.12
oUx7KWMEKKA,12.24
qfP5DHnHT94,11.27
7BdvSGHXvgA,11.15
zEkX_Wr1ftM,1.22
46ZXl-V4qwY,20.59
PNsD7u9lHdg,4.13
r01KfUiSdKg,11.02
0xHbe_4MNHE,17.41
oOQ1sPIH7QE,11.07
hypYAXmuois,1.37
Pjuk3ZJFWsg,10.25
zDhPwtuBn-k,12.08
i-1NT9TS19o,5.25
sDelXDkDwlw,2
m1JOSkkpIPM,3.13
u7M6r7o_bx8,10.31
YhOf0H_gLP8,3.38
GyK8iEO5-GI,2.16
kJVciTqsUAo,8.03
HxvLdgfp0m8,10.11
64rbkgQtczQ,4.3
Ha5C7FY6C4Y,1.5
g6m4FvDP_Gs,6.16
Oz_9PMI8U0Y,8.48
MmLMU8BqyKw,4.08
kWPdG7mHyZ0,5.49
MHc-p0C15RI,3.2
ExigZ5RS9uM,0.38
ebdXDm2EjAM,11.3
_-zzAjt0Fh4,12.47
Q44ulHb9S_M,9.32
fS60rraBhz4,1.1
RV1hmoWOA-M,11.26
NDqbCfplYrg,2.17
zYiggvLG86g,15.27
bgSjFFINi50,10.2
ltb2MdZf-nU,0.33
CJly8FxR7-o,20.17
h1lBx-C1BIU,10.15
8pheopD3OUM,10.43
r0QhYKvFa7g,5.27
OPKfK4__mE4,7.28
iyEshZNEDp0,2.4
bqob7xWXqZw,17.01
AVjvswqL-Ow,2.47
B-83WJMAjMA,10.22
b52jod046pQ,4.12
8J_3l1jwt6Q,7.4
tD9ZCjYr0HI,0.27
6qZiZRJskog,11.55
YI6VitCyHoc,6.34
pcvTBmsPotU,18.57
2KL7DhlK8gQ,10.04
neRjnJ4SWMk,4.36
FDP0mbsVX9A,4.54
fB5bH8e687E,33.24
oXwdfqqmF40,1.5
UotAHTL-IFk,1.32
jNeOIPxSq9g,1.39
uMIQvbuyOvo,21.09
amvSgaZn-CY,1.21
XBwOPjOg7Wo,13.42
Qqtgpw21lr4,16.4
nnmSXvTWBQs,13.33
Isqa-FrkBo8,10.23
2zWSNHuqtPA,5.46
_Jvl6PXYd10,5.02
0KBLgJ6UCJ0,1.26
ZuVMm3EKSss,3.51
0R2ZPyIfo4Y,15.59
mVjdNfM62KY,11.02
f9unk6icuG0,2.03
Un9Qem5awl8,17.44
zq4WDmWgjSU,1.17
H2-REbL2OU0,8.11
mQdG7kDwumA,22.22
oCBbRXbbDsg,3.05
RuELTTj9CoI,2.38
IrddVOQj76Q,11.32
RRXU5Ms5ZAY,nan
8gbTD8rJhXA,3.16
a5PpErk_Q3o,0.33
ZOa8YI--pwY,14.33
BcZrykfBebU,11.44
FOwpojTpmVg,2.36
TmiyB1RIMjE,10.16
k1-fBugCTB8,nan
aqIa6iYfyJ4,0.54
eXG86i9Ns_c,28.12
anDkS4aJYxM,1.28
DuVeVw2ArAI,1.18
BJKSHoVwSEc,2.52
sm3N3x5icJw,15.01
SOTEc7rhYSQ,2.02
jtvYXSSIFYE,5.59
xJp-0L0lNBQ,2.47
SzfFzJGwwZQ,1.36
PI0keooEPyM,10.59
-I_CIy3Uqx0,1.38
2siblr-8y0o,nan
u8tpjZtx9WQ,1.24
4EsPtTkwNIo,3.12
gt2-oP6oBXk,3.01
3y_f7p9CHxI,4.4
wD48F5uemm4,2.15
psuNxCyO2lQ,16.5
Joj6wLOfNys,17.3
AfEAVguZV08,3.13
fArUfjjTpHw,10.36
wU4-5JdVCsA,9.08
liP5GecvBQk,3.01
0CWWNzprEQ4,2.12
evDuqXTfhkA,1.53
O2IkzZjUwHs,6.51
UWh5YF0qgtk,0.39
1Vf_VYfJJhI,3.29
3eZI7DMPVO0,6.36
Y6EAD-6fmjw,1.35
4ilGm8cD77c,5.21
c9I_oTP5aMA,5.22
fSN6awtvbOc,5.43
euSrhAYhNDU,11.03
rjUsuKbhqxk,3.02
NIV-FQkIgYw,4.57
5CM1qZ6qAi0,2.42
xrg3lPw9CFg,2.18
YxRnzGtfIi0,2.41
Y1dhm1D7ync,1.19
jVRlcuaFXBY,4.04
SgCPMIRdFpA,11.49
dhj9SqrIZqI,2.16
yTqzFw-5C-0,11.33
nDbOGZdyZgA,6.36
s4OpGYSLsws,0.53
-74-_3WSrD0,1.3
Ev0kzgQOCAo,2.35
FYnQKCTP7-E,3.03
gh1IkmwL7m4,3.17
DWZFA9y5_WY,1.43
WAxa3MJEhOg,15.54
u5YpLKiJTVM,11.06
xmtBbWMaJL4,5.49
HSKOp0BAjI8,11.44
2naWinUSf6w,2.59
RQXgcsSOwbw,11.07
_CAbylbInZs,29.35
G46YyKRAamQ,3.02
0mP501l5gGo,3.22
vlnp2EtAFZo,4.29
VpJgFxdgqpM,10.21
_gF4fKSS7S8,12.31
5rDaMAt4_tY,0.46
uvk8JLsOPrk,2.41
6bQEpWAL7ps,5.27
anRjWl7Gldw,2.45
u-56oym9UVE,nan
